OrderID,CustomerName,OrderDate,Region,City,Category,Quantity,UnitPrice,TotalSales
1001,Customer_1,2025-05-21,South,New York,Furniture,5,370.87,1854.35
1002,Customer_2,2025-01-17,North,New York,Electronics,7,124.0,868.0
1003,Customer_3,2025-10-07,East,Los Angeles,Electronics,15,298.74,4481.1
1004,Customer_4,2025-08-05,East,Los Angeles,Clothing,5,115.5,577.5
1005,Customer_5,2025-07-14,East,New York,Electronics,11,305.83,3364.13
1006,Customer_6,2025-07-13,North,Houston,Clothing,10,416.41,4164.1
1007,Customer_7,2025-02-05,North,Los Angeles,Furniture,8,237.34,1898.72
1008,Customer_8,2025-05-23,East,New York,Furniture,1,89.7,89.7
1009,Customer_9,2025-02-06,South,Chicago,Furniture,6,271.73,1630.38
1010,Customer_10,2025-05-19,East,Houston,Electronics,18,117.61,2116.98
1011,Customer_11,2025-06-11,North,Los Angeles,Furniture,3,113.38,340.14
1012,Customer_12,2025-09-13,South,Unknown,Furniture,15,80.01,1200.15
1013,Customer_13,2025-10-27,South,Chicago,Furniture,19,205.71,3908.49
1014,Customer_14,2025-01-25,East,Houston,Furniture,5,317.45,1587.25
1015,Customer_15,2025-07-17,North,Houston,Electronics,15,269.27,4039.05
1016,Customer_16,2025-06-24,North,New York,Furniture,14,87.5,1225.0
1017,Customer_17,2025-04-02,Unknown,Chicago,Furniture,11,237.34,2610.74
1018,Customer_18,2025-07-11,North,Los Angeles,Electronics,18,477.21,8589.78
1019,Customer_19,2025-01-10,East,Chicago,Clothing,12,237.34,2848.08
1020,Customer_20,2025-05-04,West,Los Angeles,Electronics,3,51.97,155.91
1021,Customer_21,2025-09-01,East,Los Angeles,Electronics,6,139.88,839.28
1022,Customer_22,2025-10-04,West,Unknown,Furniture,7,359.34,2515.38
1023,Customer_23,2025-09-22,East,Chicago,Electronics,11,120.1,1321.1
1024,Customer_24,2025-04-23,North,Los Angeles,Clothing,2,122.18,244.36
1025,Customer_25,2025-05-23,South,New York,Electronics,7,274.22,1919.54
1026,Customer_26,2025-08-31,South,Houston,Groceries,7,56.22,393.54
1027,Customer_27,2025-07-30,South,Unknown,Electronics,2,339.95,679.9
1028,Customer_28,2025-06-23,South,New York,Electronics,4,131.84,527.36
1029,Customer_29,2025-08-05,North,Houston,Groceries,15,132.41,1986.15
1030,Customer_30,2025-10-04,East,New York,Furniture,3,463.92,1391.76
1031,Customer_31,2025-09-06,South,Los Angeles,Groceries,13,452.2,5878.6
1032,Customer_32,2025-05-16,South,New York,Furniture,15,149.77,2246.55
1033,Customer_33,2025-04-08,North,Houston,Electronics,2,293.8,587.6
1034,Customer_34,2025-01-26,North,Unknown,Furniture,17,460.5,7828.5
1035,Customer_35,2025-04-06,South,New York,Groceries,3,340.85,1022.55
1036,Customer_36,2025-10-24,South,New York,Electronics,20,50.17,1003.4
1037,Customer_37,2025-04-15,West,Chicago,Furniture,11,126.96,1396.56
1038,Customer_38,2025-06-11,North,Chicago,Electronics,3,14.56,43.68
1039,Customer_39,2025-10-03,East,New York,Electronics,9,74.9,674.1
1040,Customer_40,2025-05-26,North,Los Angeles,Furniture,18,354.73,6385.14
1041,Customer_41,2025-02-23,North,New York,Furniture,5,139.59,697.95
1042,Customer_42,2025-05-25,South,Los Angeles,Clothing,11,109.76,1207.36
1043,Customer_43,2025-01-27,North,Houston,Electronics,14,416.38,5829.32
1044,Customer_44,2025-05-15,West,Chicago,Electronics,15,280.32,4204.8
1045,Customer_45,2025-02-08,East,New York,Clothing,5,277.34,1386.7
1046,Customer_46,2025-03-07,East,Los Angeles,Electronics,12,450.5,5406.0
1047,Customer_47,2025-05-08,East,Chicago,Groceries,12,392.26,4707.12
1048,Customer_48,2025-03-25,North,Los Angeles,Furniture,6,237.34,1424.04
1049,Customer_49,2025-05-08,North,Chicago,Groceries,4,197.45,789.8
1050,Customer_50,2025-08-24,South,Los Angeles,Furniture,8,119.23,953.84
1052,Customer_52,2025-03-01,Unknown,Chicago,Electronics,9,237.34,2136.06
1053,Customer_53,2025-06-26,North,New York,Electronics,11,223.83,2462.13
1054,Customer_54,2025-05-11,East,Houston,Electronics,14,10.83,151.62
1055,Customer_55,2025-08-09,South,Los Angeles,Electronics,11,315.35,3468.85
1056,Customer_56,2025-06-08,East,Unknown,Electronics,11,207.18,2278.98
1057,Customer_57,2025-08-04,South,Los Angeles,Electronics,13,341.89,4444.57
1058,Customer_58,2025-10-08,West,Chicago,Electronics,10,150.59,1505.9
1059,Customer_59,2025-08-15,East,Chicago,Furniture,7,260.48,1823.36
1060,Customer_60,2025-02-13,East,Los Angeles,Furniture,20,174.24,3484.8
1061,Customer_61,2025-04-12,West,Chicago,Electronics,2,129.97,259.94
1062,Customer_62,2025-08-01,South,New York,Groceries,19,105.27,2000.13
1063,Customer_63,2025-05-05,East,Houston,Electronics,1,447.4,447.4
1064,Customer_64,2025-04-01,North,Houston,Furniture,17,237.63,4039.71
1065,Customer_65,2025-03-10,North,New York,Clothing,17,494.07,8399.19
1067,Customer_67,2025-05-22,South,Chicago,Clothing,17,247.45,4206.65
1068,Customer_68,2025-05-27,North,Houston,Electronics,11,166.66,1833.26
1069,Customer_69,2025-04-29,North,Los Angeles,Groceries,5,356.15,1780.75
1070,Customer_70,2025-10-05,West,Houston,Groceries,2,111.35,222.7
1071,Customer_71,2025-09-02,West,New York,Groceries,12,156.32,1875.84
1072,Customer_72,2025-04-23,East,Los Angeles,Furniture,16,24.22,387.52
1073,Customer_73,2025-08-28,West,Houston,Electronics,20,271.72,5434.4
1075,Customer_75,2025-08-21,East,Chicago,Groceries,13,146.35,1902.55
1076,Customer_76,2025-08-29,Unknown,Chicago,Furniture,18,35.52,639.36
1077,Customer_77,2025-01-16,North,Unknown,Furniture,7,421.22,2948.54
1078,Customer_78,2025-08-31,West,Los Angeles,Furniture,19,474.4,9013.6
1079,Customer_79,2025-03-27,South,Chicago,Clothing,4,391.12,1564.48
1080,Customer_80,2025-06-09,South,New York,Furniture,13,204.36,2656.68
1081,Customer_81,2025-02-22,North,New York,Electronics,10,426.64,4266.4
1082,Customer_82,2025-09-30,South,New York,Clothing,12,43.79,525.48
1083,Customer_83,2025-09-08,East,New York,Groceries,12,321.44,3857.28
1084,Customer_84,2025-04-01,North,Los Angeles,Groceries,9,311.8,2806.2
1085,Customer_85,2025-05-18,North,Houston,Clothing,8,417.06,3336.48
1086,Customer_86,2025-08-26,West,Houston,Clothing,13,174.83,2272.79
1087,Customer_87,2025-04-19,North,Los Angeles,Furniture,9,176.77,1590.93
1088,Customer_88,2025-01-06,South,Chicago,Groceries,7,51.95,363.65
1089,Customer_89,2025-09-01,North,Houston,Electronics,16,229.61,3673.76
1090,Customer_90,2025-07-27,East,Chicago,Groceries,10,335.34,3353.4
1091,Customer_91,2025-10-09,East,Chicago,Furniture,15,142.75,2141.25
1092,Customer_92,2025-06-11,South,New York,Furniture,18,475.93,8566.74
1093,Customer_93,2025-09-05,North,Los Angeles,Electronics,19,488.54,9282.26
1094,Customer_94,2025-04-10,North,Unknown,Furniture,12,97.93,1175.16
1095,Customer_95,2025-01-24,South,Los Angeles,Furniture,18,153.15,2756.7
1096,Customer_96,2025-01-07,East,Houston,Furniture,16,244.57,3913.12
1097,Customer_97,2025-09-02,North,New York,Electronics,3,206.35,619.05
1098,Customer_98,2025-03-18,South,New York,Electronics,10,51.74,517.4
1099,Customer_99,2025-09-25,North,Houston,Groceries,11,155.7,1712.7
1100,Customer_100,2025-01-31,South,Chicago,Furniture,4,474.32,1897.28
1101,Customer_101,2025-02-11,South,Los Angeles,Electronics,6,280.48,1682.88
1102,Customer_102,2025-08-29,East,Houston,Furniture,8,151.17,1209.36
1103,Customer_103,2025-04-30,South,Houston,Groceries,19,333.98,6345.62
1104,Customer_104,2025-03-18,South,New York,Clothing,5,44.99,224.95
1105,Customer_105,2025-03-05,East,Chicago,Electronics,10,352.87,3528.7
1106,Customer_106,2025-02-11,North,Houston,Clothing,14,369.92,5178.88
1107,Customer_107,2025-04-28,North,Unknown,Furniture,19,297.69,5656.11
1108,Customer_108,2025-01-21,South,Chicago,Groceries,11,240.55,2646.05
1109,Customer_109,2025-10-27,West,Chicago,Clothing,16,484.84,7757.44
1110,Customer_110,2025-06-14,South,Houston,Groceries,6,171.6,1029.6
1112,Customer_112,2025-03-01,East,Chicago,Electronics,13,433.81,5639.53
1113,Customer_113,2025-01-28,West,Houston,Furniture,12,315.09,3781.08
1114,Customer_114,2025-04-15,West,Houston,Furniture,5,464.56,2322.8
1115,Customer_115,2025-01-15,South,Houston,Furniture,20,401.66,8033.2
1116,Customer_116,2025-01-08,East,Chicago,Electronics,3,120.1,360.3
1117,Customer_117,2025-03-20,East,Houston,Groceries,10,259.35,2593.5
1118,Customer_118,2025-05-05,North,Houston,Electronics,5,197.96,989.8
1119,Customer_119,2025-05-22,East,Los Angeles,Electronics,14,176.54,2471.56
1120,Customer_120,2025-05-25,South,Chicago,Groceries,19,294.16,5589.04
1122,Customer_122,2025-04-07,South,Houston,Groceries,8,290.18,2321.44
1123,Customer_123,2025-08-31,South,New York,Furniture,13,199.18,2589.34
1124,Customer_124,2025-01-19,North,Los Angeles,Groceries,19,172.68,3280.92
1125,Customer_125,2025-01-08,South,New York,Electronics,14,436.76,6114.64
1126,Customer_126,2025-06-23,East,Houston,Clothing,13,328.42,4269.46
1127,Customer_127,2025-09-07,South,Houston,Furniture,2,312.56,625.12
1128,Customer_128,2025-02-16,South,Chicago,Electronics,4,382.58,1530.32
1129,Customer_129,2025-06-03,North,Houston,Clothing,2,168.94,337.88
1130,Customer_130,2025-08-09,South,Chicago,Furniture,17,211.91,3602.47
1131,Customer_131,2025-02-10,South,Los Angeles,Groceries,13,313.66,4077.58
1132,Customer_132,2025-08-25,North,Los Angeles,Groceries,15,135.11,2026.65
1133,Customer_133,2025-10-07,North,Unknown,Clothing,15,473.17,7097.55
1134,Customer_134,2025-08-22,East,Houston,Groceries,7,499.69,3497.83
1135,Customer_135,2025-07-15,Unknown,New York,Clothing,19,154.98,2944.62
1136,Customer_136,2025-05-21,Unknown,New York,Groceries,2,456.2,912.4
1138,Customer_138,2025-02-19,West,Los Angeles,Electronics,2,161.38,322.76
1139,Customer_139,2025-03-09,West,Chicago,Furniture,10,170.09,1700.9
1140,Customer_140,2025-10-04,Unknown,Los Angeles,Furniture,12,270.12,3241.44
1141,Customer_141,2025-06-01,West,Chicago,Electronics,11,404.07,4444.77
1142,Customer_142,2025-07-23,East,Los Angeles,Groceries,18,189.23,3406.14
1143,Customer_143,2025-10-02,South,New York,Clothing,12,339.69,4076.28
1144,Customer_144,2025-02-25,North,Houston,Clothing,16,22.26,356.16
1145,Customer_145,2025-02-02,East,Los Angeles,Furniture,15,455.6,6834.0
1146,Customer_146,2025-03-13,Unknown,Houston,Electronics,2,159.14,318.28
1147,Customer_147,2025-10-03,South,New York,Furniture,15,191.8,2877.0
1148,Customer_148,2025-08-01,Unknown,Houston,Electronics,16,237.34,3797.44
1149,Customer_149,2025-08-16,North,Chicago,Furniture,8,429.17,3433.36
1150,Customer_150,2025-07-03,North,Chicago,Groceries,9,103.01,927.09
1151,Customer_151,2025-01-11,South,Unknown,Electronics,11,129.35,1422.85
1152,Customer_152,2025-10-11,South,Los Angeles,Clothing,7,408.4,2858.8
1153,Customer_153,2025-01-02,North,Unknown,Clothing,5,493.89,2469.45
1154,Customer_154,2025-01-14,South,Los Angeles,Electronics,12,397.09,4765.08
1155,Customer_155,2025-03-31,North,Chicago,Electronics,5,373.44,1867.2
1156,Customer_156,2025-08-18,West,New York,Electronics,17,300.9,5115.3
1157,Customer_157,2025-01-23,Unknown,Los Angeles,Electronics,17,157.8,2682.6
1158,Customer_158,2025-07-25,West,New York,Electronics,11,250.23,2752.53
1159,Customer_159,2025-03-17,North,New York,Electronics,9,315.92,2843.28
1160,Customer_160,2025-09-29,North,Chicago,Furniture,17,306.66,5213.22
1161,Customer_161,2025-08-09,East,New York,Groceries,8,212.77,1702.16
1162,Customer_162,2025-02-18,East,Houston,Furniture,11,335.9,3694.9
1163,Customer_163,2025-02-16,South,Houston,Furniture,3,221.62,664.86
1164,Customer_164,2025-10-12,South,Chicago,Electronics,18,237.34,4272.12
1166,Customer_166,2025-10-23,South,Chicago,Electronics,5,331.8,1659.0
1167,Customer_167,2025-07-08,East,Chicago,Groceries,9,291.31,2621.79
1168,Customer_168,2025-01-15,East,New York,Electronics,10,461.55,4615.5
1169,Customer_169,2025-10-17,South,Los Angeles,Electronics,3,79.52,238.56
1170,Customer_170,2025-07-12,East,New York,Furniture,11,87.13,958.43
1171,Customer_171,2025-02-13,Unknown,Chicago,Electronics,5,87.13,435.65
1172,Customer_172,2025-08-15,West,New York,Clothing,16,307.47,4919.52
1173,Customer_173,2025-02-28,South,Los Angeles,Electronics,4,148.79,595.16
1174,Customer_174,2025-01-24,South,Houston,Clothing,11,36.84,405.24
1175,Customer_175,2025-05-11,South,Los Angeles,Groceries,11,13.79,151.69
1176,Customer_176,2025-07-14,East,Los Angeles,Furniture,8,255.13,2041.04
1177,Customer_177,2025-07-23,West,Chicago,Electronics,11,223.75,2461.25
1178,Customer_178,2025-08-08,West,Chicago,Electronics,14,151.86,2126.04
1179,Customer_179,2025-08-24,East,Chicago,Electronics,12,53.18,638.16
1180,Customer_180,2025-07-25,South,Los Angeles,Clothing,13,436.56,5675.28
1181,Customer_181,2025-03-28,South,Los Angeles,Clothing,4,270.0,1080.0
1182,Customer_182,2025-03-17,South,Chicago,Electronics,5,135.42,677.1
1183,Customer_183,2025-02-08,North,Los Angeles,Electronics,16,237.34,3797.44
1184,Customer_184,2025-06-11,Unknown,Houston,Clothing,3,239.77,719.31
1185,Customer_185,2025-01-29,West,Chicago,Electronics,3,162.1,486.3
1186,Customer_186,2025-05-27,North,New York,Groceries,3,311.35,934.05
1187,Customer_187,2025-08-19,East,Houston,Electronics,19,329.4,6258.6
1188,Customer_188,2025-02-01,North,Houston,Electronics,11,491.37,5405.07
1189,Customer_189,2025-05-07,North,Los Angeles,Furniture,1,266.79,266.79
1190,Customer_190,2025-05-25,North,Chicago,Furniture,11,342.66,3769.26
1191,Customer_191,2025-06-18,South,Chicago,Furniture,13,149.23,1939.99
1193,Customer_193,2025-02-13,East,Houston,Furniture,13,325.31,4229.03
1194,Customer_194,2025-09-18,South,New York,Clothing,11,161.34,1774.74
1195,Customer_195,2025-04-26,East,Houston,Electronics,5,47.81,239.05
1196,Customer_196,2025-03-09,East,New York,Furniture,5,89.5,447.5
1197,Customer_197,2025-08-13,South,Los Angeles,Groceries,12,341.42,4097.04
1198,Customer_198,2025-08-18,East,Chicago,Groceries,8,161.64,1293.12
1199,Customer_199,2025-10-20,East,Los Angeles,Groceries,15,387.02,5805.3
1200,Customer_200,2025-04-13,North,Houston,Furniture,5,437.77,2188.85
1202,Customer_202,2025-08-19,North,Los Angeles,Furniture,5,417.21,2086.05
1203,Customer_203,2025-01-14,South,Houston,Groceries,13,237.34,3085.42
1204,Customer_204,2025-04-25,South,New York,Clothing,4,421.2,1684.8
1205,Customer_205,2025-01-20,South,Los Angeles,Furniture,16,351.08,5617.28
1206,Customer_206,2025-01-03,East,Houston,Furniture,1,135.4,135.4
1207,Customer_207,2025-05-28,West,Houston,Furniture,4,33.4,133.6
1208,Customer_208,2025-02-26,North,Houston,Furniture,16,302.4,4838.4
1209,Customer_209,2025-03-15,South,Los Angeles,Electronics,1,311.26,311.26
1210,Customer_210,2025-02-13,North,Houston,Electronics,12,43.16,517.92
1211,Customer_211,2025-08-29,East,New York,Furniture,13,490.71,6379.23
1212,Customer_212,2025-02-04,South,New York,Clothing,4,388.04,1552.16
1213,Customer_213,2025-06-30,South,Los Angeles,Groceries,6,416.89,2501.34
1214,Customer_214,2025-03-11,South,Houston,Electronics,15,28.12,421.8
1215,Customer_215,2025-06-11,East,Los Angeles,Electronics,17,205.13,3487.21
1216,Customer_216,2025-01-19,East,Houston,Electronics,7,150.19,1051.33
1217,Customer_217,2025-03-05,South,Chicago,Groceries,14,237.34,3322.76
1218,Customer_218,2025-04-06,East,Unknown,Electronics,16,190.0,3040.0
1219,Customer_219,2025-08-06,South,Chicago,Electronics,20,497.6,9952.0
1220,Customer_220,2025-02-22,North,Chicago,Furniture,10,160.18,1601.8
1221,Customer_221,2025-08-16,Unknown,Houston,Electronics,2,366.14,732.28
1222,Customer_222,2025-01-30,East,Houston,Furniture,13,188.02,2444.26
1223,Customer_223,2025-03-15,North,Los Angeles,Furniture,15,27.05,405.75
1224,Customer_224,2025-07-16,South,Chicago,Groceries,2,306.5,613.0
1225,Customer_225,2025-08-16,East,Chicago,Groceries,19,77.47,1471.93
1226,Customer_226,2025-05-23,South,Chicago,Groceries,1,22.7,22.7
1227,Customer_227,2025-05-15,North,Houston,Clothing,15,115.14,1727.1
1230,Customer_230,2025-09-18,South,Los Angeles,Groceries,7,398.11,2786.77
1231,Customer_231,2025-10-11,North,New York,Furniture,15,403.79,6056.85
1232,Customer_232,2025-06-08,East,New York,Groceries,16,267.59,4281.44
1233,Customer_233,2025-06-12,North,New York,Clothing,15,237.34,3560.1
1234,Customer_234,2025-10-28,East,Los Angeles,Electronics,5,237.34,1186.7
1235,Customer_235,2025-06-05,South,New York,Clothing,11,468.02,5148.22
1236,Customer_236,2025-05-09,South,Chicago,Clothing,18,144.48,2600.64
1237,Customer_237,2025-10-25,North,New York,Clothing,20,363.11,7262.2
1238,Customer_238,2025-02-11,South,New York,Electronics,19,139.68,2653.92
1239,Customer_239,2025-09-12,East,Houston,Groceries,18,237.34,4272.12
1240,Customer_240,2025-07-27,South,Los Angeles,Groceries,3,347.42,1042.26
1241,Customer_241,2025-08-26,East,Houston,Furniture,20,80.4,1608.0
1242,Customer_242,2025-06-26,Unknown,Chicago,Electronics,5,382.73,1913.65
1243,Customer_243,2025-05-04,South,New York,Electronics,9,230.3,2072.7
1244,Customer_244,2025-07-16,Unknown,New York,Furniture,14,131.65,1843.1
1245,Customer_245,2025-06-10,North,Chicago,Groceries,6,254.15,1524.9
1246,Customer_246,2025-09-12,South,Houston,Furniture,13,257.67,3349.71
1247,Customer_247,2025-01-26,South,Chicago,Furniture,20,442.35,8847.0
1248,Customer_248,2025-10-02,East,Unknown,Furniture,4,221.15,884.6
1249,Customer_249,2025-07-07,South,Chicago,Clothing,2,289.44,578.88
1250,Customer_250,2025-07-17,North,Chicago,Furniture,1,147.06,147.06
1251,Customer_251,2025-02-19,East,New York,Furniture,11,283.34,3116.74
1252,Customer_252,2025-09-18,South,Los Angeles,Furniture,2,32.2,64.4
1253,Customer_253,2025-09-23,South,Chicago,Clothing,20,447.63,8952.6
1254,Customer_254,2025-07-21,North,Chicago,Electronics,10,300.93,3009.3
1255,Customer_255,2025-09-01,North,Houston,Groceries,12,172.31,2067.72
1256,Customer_256,2025-01-14,East,Chicago,Electronics,9,483.86,4354.74
1257,Customer_257,2025-01-27,South,Los Angeles,Electronics,6,266.87,1601.22
1258,Customer_258,2025-05-05,West,Houston,Clothing,4,103.48,413.92
1259,Customer_259,2025-07-31,North,Houston,Groceries,14,255.89,3582.46
1260,Customer_260,2025-09-23,West,New York,Electronics,11,499.08,5489.88
1261,Customer_261,2025-03-30,East,Houston,Furniture,18,177.74,3199.32
1262,Customer_262,2025-09-05,East,Chicago,Furniture,8,146.71,1173.68
1263,Customer_263,2025-04-17,East,Chicago,Electronics,16,165.35,2645.6
1264,Customer_264,2025-03-04,West,Chicago,Clothing,18,196.05,3528.9
1265,Customer_265,2025-01-22,West,Los Angeles,Furniture,3,179.72,539.16
1266,Customer_266,2025-09-03,North,Chicago,Furniture,18,142.86,2571.48
1267,Customer_267,2025-02-25,North,Chicago,Furniture,19,127.25,2417.75
1268,Customer_268,2025-04-30,West,Los Angeles,Electronics,14,171.84,2405.76
1269,Customer_269,2025-10-09,West,Los Angeles,Groceries,6,209.38,1256.28
1270,Customer_270,2025-06-14,North,Los Angeles,Furniture,1,454.89,454.89
1271,Customer_271,2025-01-20,East,Los Angeles,Furniture,6,214.76,1288.56
1272,Customer_272,2025-09-11,North,New York,Clothing,10,439.6,4396.0
1273,Customer_273,2025-05-26,South,New York,Electronics,18,266.92,4804.56
1274,Customer_274,2025-04-09,West,Houston,Furniture,11,89.62,985.82
1277,Customer_277,2025-03-13,West,New York,Furniture,8,13.35,106.8
1278,Customer_278,2025-06-18,South,Houston,Clothing,19,15.6,296.4
1279,Customer_279,2025-03-02,North,Los Angeles,Furniture,11,208.65,2295.15
1280,Customer_280,2025-03-02,South,Chicago,Furniture,10,190.1,1901.0
1281,Customer_281,2025-03-20,South,Los Angeles,Electronics,20,193.08,3861.6
1282,Customer_282,2025-05-07,North,Houston,Electronics,20,437.84,8756.8
1283,Customer_283,2025-02-09,Unknown,Houston,Electronics,4,40.26,161.04
1284,Customer_284,2025-10-02,West,Los Angeles,Electronics,11,237.34,2610.74
1285,Customer_285,2025-10-26,North,Los Angeles,Groceries,17,228.29,3880.93
1286,Customer_286,2025-08-01,South,Los Angeles,Clothing,2,283.81,567.62
1287,Customer_287,2025-05-11,North,New York,Groceries,7,293.37,2053.59
1288,Customer_288,2025-02-02,North,Chicago,Groceries,2,467.95,935.9
1289,Customer_289,2025-07-29,South,New York,Furniture,11,237.34,2610.74
1290,Customer_290,2025-07-15,South,Houston,Furniture,11,194.07,2134.77
1291,Customer_291,2025-06-28,South,Unknown,Furniture,18,202.6,3646.8
1292,Customer_292,2025-01-12,Unknown,Los Angeles,Groceries,15,340.01,5100.15
1294,Customer_294,2025-01-09,North,New York,Groceries,3,59.44,178.32
1295,Customer_295,2025-01-23,East,Unknown,Electronics,8,274.48,2195.84
1296,Customer_296,2025-05-29,North,Los Angeles,Furniture,19,166.26,3158.94
1297,Customer_297,2025-06-04,East,Chicago,Clothing,17,118.31,2011.27
1298,Customer_298,2025-08-07,South,New York,Furniture,2,486.42,972.84
1299,Customer_299,2025-08-02,East,Houston,Electronics,10,194.47,1944.7
1300,Customer_300,2025-04-26,North,Houston,Electronics,5,404.83,2024.15
1074,Customer_74,2025-08-08,East,New York,Groceries,15,99.05,1485.75
1276,Customer_276,2025-07-27,West,Los Angeles,Furniture,17,170.68,2901.56
